{
    "interactionModel": {
        "languageModel": {
            "invocationName": "rich girl mentor",
            "intents": [
                {
                    "name": "GetBusinessCreditTips",
                    "slots": [],
                    "samples": [
                        "how do I get business credit",
                        "give me credit tips"
                    ]
                },
                {
                    "name": "GetFundingHelp",
                    "slots": [],
                    "samples": [
                        "how do I get funding",
                        "funding help"
                    ]
                },
                {
                    "name": "GetInvestmentStrategy",
                    "slots": [],
                    "samples": [
                        "investment advice",
                        "stock and dividend tips"
                    ]
                },
                {
                    "name": "AMAZON.HelpIntent",
                    "samples": []
                },
                {
                    "name": "AMAZON.CancelIntent",
                    "samples": []
                },
                {
                    "name": "AMAZON.StopIntent",
                    "samples": []
                }
            ],
            "types": []
        }
    }
}