{
    "manifest": {
        "publishingInformation": {
            "locales": {
                "en-US": {
                    "name": "Rich Girl Mentor",
                    "summary": "Ask the Rich Girl Code GPT to help with business funding, credit, and investment strategy.",
                    "description": "This skill connects to your Rich Girl Code GPT assistant for help with business fundability, credit building, and wealth planning.",
                    "examplePhrases": [
                        "Alexa, open rich girl mentor",
                        "Alexa, ask rich girl mentor how to get business credit",
                        "Alexa, ask rich girl mentor about dividend stocks"
                    ]
                }
            },
            "isAvailableWorldwide": true,
            "testingInstructions": "Say 'Alexa, open rich girl mentor'",
            "category": "BUSINESS_FINANCE",
            "distributionCountries": []
        },
        "apis": {
            "custom": {
                "endpoint": {
                    "uri": "arn:aws:lambda:us-east-1:123456789012:function:richGirlCodeGPT"
                }
            }
        },
        "manifestVersion": "1.0"
    }
}