{
    "manifest": {
        "publishingInformation": {
            "locales": {
                "en-US": {
                    "name": "Rich Girl Mentor",
                    "summary": "Business funding and credit mentor skill powered by GPT.",
                    "description": "Talk to Rich Girl Mentor for help with business credit, funding, and investing tips.",
                    "examplePhrases": [
                        "Alexa, open rich girl mentor",
                        "Alexa, ask rich girl mentor for credit advice",
                        "Alexa, ask rich girl mentor about funding"
                    ]
                }
            },
            "isAvailableWorldwide": true,
            "testingInstructions": "Say 'Alexa, open rich girl mentor'",
            "category": "BUSINESS_FINANCE",
            "distributionCountries": []
        },
        "apis": {
            "custom": {
                "endpoint": {
                    "uri": "arn:aws:lambda:us-east-1:123456789012:function:richGirlCodeGPT"
                }
            }
        },
        "manifestVersion": "1.0"
    }
}